left_car_id,right_car_id,support,confidence,lift
3347,2695,0.002,1.0,250.0
2695,3347,0.002,0.5,250.0
3589,2695,0.002,1.0,250.0
2695,3589,0.002,0.5,250.0
3972,2695,0.002,1.0,250.0
2695,3972,0.002,0.5,250.0
4108,2695,0.002,0.5,125.0
2695,4108,0.002,0.5,125.0
2698,3853,0.002,1.0,250.0
3853,2698,0.002,0.5,250.0
2860,2703,0.002,0.5,250.0
2703,2860,0.002,1.0,250.0
3440,2703,0.002,0.5,250.0
2703,3440,0.002,1.0,250.0
2704,2944,0.002,1.0,500.0
2944,2704,0.002,1.0,500.0
2704,3071,0.002,1.0,250.0
3071,2704,0.002,0.5,250.0
2705,2759,0.002,1.0,500.0
2759,2705,0.002,1.0,500.0
2706,2950,0.002,0.5,125.0
2950,2706,0.002,0.5,125.0
2706,3223,0.002,0.5,250.0
3223,2706,0.002,1.0,250.0
2706,3870,0.002,0.5,125.0
3870,2706,0.002,0.5,125.0
4090,2706,0.002,0.5,125.0
2706,4090,0.002,0.5,125.0
2709,3166,0.002,0.5,125.0
3166,2709,0.002,0.5,125.0
3667,2709,0.002,0.3333333333333333,83.33333333333333
2709,3667,0.002,0.5,83.33333333333333
3771,2709,0.002,0.5,125.0
2709,3771,0.002,0.5,125.0
3858,2709,0.002,1.0,250.0
2709,3858,0.002,0.5,250.0
2711,3719,0.002,1.0,500.0
3719,2711,0.002,1.0,500.0
2712,3797,0.002,1.0,166.66666666666666
3797,2712,0.002,0.3333333333333333,166.66666666666666
2713,2935,0.002,1.0,500.0
2935,2713,0.002,1.0,500.0
2713,3102,0.002,1.0,500.0
3102,2713,0.002,1.0,500.0
2714,2854,0.002,0.5,125.0
2854,2714,0.002,0.5,125.0
3186,2714,0.002,0.5,125.0
2714,3186,0.002,0.5,125.0
2714,4108,0.002,0.5,125.0
4108,2714,0.002,0.5,125.0
2729,2716,0.002,1.0,250.0
2716,2729,0.002,0.5,250.0
3632,2716,0.002,1.0,250.0
2716,3632,0.002,0.5,250.0
2716,3806,0.002,0.5,125.0
3806,2716,0.002,0.5,125.0
2716,3925,0.002,0.5,83.33333333333333
3925,2716,0.002,0.3333333333333333,83.33333333333333
3563,2717,0.002,0.5,250.0
2717,3563,0.002,1.0,250.0
2723,2718,0.002,1.0,250.0
2718,2723,0.002,0.5,250.0
2788,2718,0.002,0.25,62.5
2718,2788,0.002,0.5,62.5
2960,2718,0.002,1.0,250.0
2718,2960,0.002,0.5,250.0
3452,2718,0.002,0.5,125.0
2718,3452,0.002,0.5,125.0
2723,2788,0.002,1.0,125.0
2788,2723,0.002,0.25,125.0
2882,2725,0.002,0.5,83.33333333333333
2725,2882,0.002,0.3333333333333333,83.33333333333333
3045,2725,0.002,1.0,166.66666666666666
2725,3045,0.002,0.3333333333333333,166.66666666666666
3580,2725,0.002,1.0,166.66666666666666
2725,3580,0.002,0.3333333333333333,166.66666666666666
3270,2726,0.002,1.0,500.0
2726,3270,0.002,1.0,500.0
3066,2727,0.002,0.3333333333333333,83.33333333333333
2727,3066,0.002,0.5,83.33333333333333
3341,2727,0.002,1.0,250.0
2727,3341,0.002,0.5,250.0
3552,2727,0.002,0.5,125.0
2727,3552,0.002,0.5,125.0
2728,4052,0.002,1.0,250.0
4052,2728,0.002,0.5,250.0
2729,3806,0.002,1.0,250.0
3806,2729,0.002,0.5,250.0
3361,2732,0.002,1.0,500.0
2732,3361,0.002,1.0,500.0
2732,3606,0.002,1.0,166.66666666666666
3606,2732,0.002,0.3333333333333333,166.66666666666666
3680,2734,0.002,1.0,500.0
2734,3680,0.002,1.0,500.0
3256,2735,0.002,1.0,500.0
2735,3256,0.002,1.0,500.0
4148,2735,0.002,0.5,250.0
2735,4148,0.002,1.0,250.0
2740,3014,0.002,1.0,250.0
3014,2740,0.002,0.5,250.0
2755,2741,0.002,1.0,500.0
2741,2755,0.002,1.0,500.0
3859,2741,0.002,0.25,125.0
2741,3859,0.002,1.0,125.0
2742,2767,0.002,0.5,83.33333333333333
2767,2742,0.002,0.3333333333333333,83.33333333333333
2914,2742,0.002,0.3333333333333333,83.33333333333333
2742,2914,0.002,0.5,83.33333333333333
3162,2742,0.002,0.3333333333333333,83.33333333333333
2742,3162,0.002,0.5,83.33333333333333
2746,3500,0.002,1.0,500.0
3500,2746,0.002,1.0,500.0
2746,3788,0.002,1.0,500.0
3788,2746,0.002,1.0,500.0
2747,2748,0.002,0.3333333333333333,55.55555555555555
2748,2747,0.002,0.3333333333333333,55.55555555555555
2747,2750,0.002,0.3333333333333333,166.66666666666666
2750,2747,0.002,1.0,166.66666666666666
2747,2927,0.002,0.3333333333333333,166.66666666666666
2927,2747,0.002,1.0,166.66666666666666
3059,2747,0.002,0.3333333333333333,55.55555555555555
2747,3059,0.002,0.3333333333333333,55.55555555555555
2747,3236,0.002,0.3333333333333333,83.33333333333333
3236,2747,0.002,0.5,83.33333333333333
2748,2917,0.002,0.3333333333333333,166.66666666666666
2917,2748,0.002,1.0,166.66666666666666
2748,3181,0.002,0.3333333333333333,55.55555555555555
3181,2748,0.002,0.3333333333333333,55.55555555555555
3236,2748,0.002,0.5,83.33333333333333
2748,3236,0.002,0.3333333333333333,83.33333333333333
3960,2748,0.002,1.0,166.66666666666666
2748,3960,0.002,0.3333333333333333,166.66666666666666
3012,2749,0.002,0.3333333333333333,166.66666666666666
2749,3012,0.002,1.0,166.66666666666666
4131,2749,0.002,0.5,250.0
2749,4131,0.002,1.0,250.0
2750,2927,0.002,1.0,500.0
2927,2750,0.002,1.0,500.0
2754,3757,0.002,0.5,250.0
3757,2754,0.002,1.0,250.0
2754,3866,0.002,0.5,62.5
3866,2754,0.002,0.25,62.5
4121,2754,0.002,0.5,125.0
2754,4121,0.002,0.5,125.0
3859,2755,0.002,0.25,125.0
2755,3859,0.002,1.0,125.0
3827,2756,0.002,1.0,500.0
2756,3827,0.002,1.0,500.0
2760,2978,0.002,0.3333333333333333,166.66666666666666
2978,2760,0.002,1.0,166.66666666666666
2760,3563,0.002,0.3333333333333333,83.33333333333333
3563,2760,0.002,0.5,83.33333333333333
2760,3852,0.002,0.3333333333333333,41.666666666666664
3852,2760,0.002,0.25,41.666666666666664
2760,3893,0.002,0.3333333333333333,166.66666666666666
3893,2760,0.002,1.0,166.66666666666666
2760,4022,0.002,0.3333333333333333,41.666666666666664
4022,2760,0.002,0.25,41.666666666666664
2761,3383,0.002,1.0,125.0
3383,2761,0.002,0.25,125.0
3320,2762,0.002,0.5,250.0
2762,3320,0.002,1.0,250.0
3864,2762,0.002,0.5,250.0
2762,3864,0.002,1.0,250.0
2770,2764,0.002,0.3333333333333333,55.55555555555555
2764,2770,0.002,0.3333333333333333,55.55555555555555
2764,2997,0.002,0.3333333333333333,166.66666666666666
2997,2764,0.002,1.0,166.66666666666666
3288,2764,0.002,0.5,83.33333333333333
2764,3288,0.002,0.3333333333333333,83.33333333333333
3954,2764,0.002,1.0,166.66666666666666
2764,3954,0.002,0.3333333333333333,166.66666666666666
3092,2765,0.002,1.0,500.0
2765,3092,0.002,1.0,500.0
3363,2765,0.002,0.5,250.0
2765,3363,0.002,1.0,250.0
2932,2766,0.002,0.5,83.33333333333333
2766,2932,0.002,0.3333333333333333,83.33333333333333
2952,2766,0.002,0.5,83.33333333333333
2766,2952,0.002,0.3333333333333333,83.33333333333333
3014,2766,0.002,0.5,83.33333333333333
2766,3014,0.002,0.3333333333333333,83.33333333333333
3378,2766,0.002,0.5,83.33333333333333
2766,3378,0.002,0.3333333333333333,83.33333333333333
4065,2766,0.002,0.3333333333333333,55.55555555555555
2766,4065,0.002,0.3333333333333333,55.55555555555555
3765,2767,0.002,0.5,83.33333333333333
2767,3765,0.002,0.3333333333333333,83.33333333333333
3806,2767,0.002,0.5,83.33333333333333
2767,3806,0.002,0.3333333333333333,83.33333333333333
3870,2767,0.002,0.5,83.33333333333333
2767,3870,0.002,0.3333333333333333,83.33333333333333
2768,3125,0.002,0.5,83.33333333333333
3125,2768,0.002,0.3333333333333333,83.33333333333333
2768,3710,0.002,0.5,250.0
3710,2768,0.002,1.0,250.0
2768,3922,0.002,0.5,250.0
3922,2768,0.002,1.0,250.0
2768,4135,0.002,0.5,125.0
4135,2768,0.002,0.5,125.0
2769,2945,0.002,0.25,41.666666666666664
2945,2769,0.002,0.3333333333333333,41.666666666666664
3216,2769,0.002,1.0,125.0
2769,3216,0.002,0.25,125.0
3296,2769,0.002,0.3333333333333333,41.666666666666664
2769,3296,0.002,0.25,41.666666666666664
2769,3669,0.002,0.25,62.5
3669,2769,0.002,0.5,62.5
2769,3918,0.002,0.25,31.25
3918,2769,0.002,0.25,31.25
2770,2842,0.002,0.3333333333333333,55.55555555555555
2842,2770,0.002,0.3333333333333333,55.55555555555555
3266,2770,0.002,1.0,166.66666666666666
2770,3266,0.002,0.3333333333333333,166.66666666666666
3288,2770,0.002,0.5,83.33333333333333
2770,3288,0.002,0.3333333333333333,83.33333333333333
2770,4142,0.002,0.3333333333333333,166.66666666666666
4142,2770,0.002,1.0,166.66666666666666
2773,3646,0.002,1.0,500.0
3646,2773,0.002,1.0,500.0
2775,3079,0.002,1.0,500.0
3079,2775,0.002,1.0,500.0
3536,2775,0.002,1.0,500.0
2775,3536,0.002,1.0,500.0
2777,4029,0.002,1.0,500.0
4029,2777,0.002,1.0,500.0
3986,2779,0.002,0.5,250.0
2779,3986,0.002,1.0,250.0
2779,4135,0.002,1.0,250.0
4135,2779,0.002,0.5,250.0
2780,4140,0.002,0.5,125.0
4140,2780,0.002,0.5,125.0
4145,2780,0.002,0.25,62.5
2780,4145,0.002,0.5,62.5
3684,2781,0.002,1.0,500.0
2781,3684,0.002,1.0,500.0
2781,3727,0.002,1.0,500.0
3727,2781,0.002,1.0,500.0
3293,2782,0.002,1.0,500.0
2782,3293,0.002,1.0,500.0
3918,2783,0.002,0.25,125.0
2783,3918,0.002,1.0,125.0
2785,2895,0.002,0.3333333333333333,166.66666666666666
2895,2785,0.002,1.0,166.66666666666666
2785,3214,0.002,0.3333333333333333,83.33333333333333
3214,2785,0.002,0.5,83.33333333333333
2785,3300,0.002,0.3333333333333333,166.66666666666666
3300,2785,0.002,1.0,166.66666666666666
2785,3966,0.002,0.3333333333333333,166.66666666666666
3966,2785,0.002,1.0,166.66666666666666
2785,4068,0.002,0.3333333333333333,83.33333333333333
4068,2785,0.002,0.5,83.33333333333333
3018,2786,0.002,0.5,125.0
2786,3018,0.002,0.5,125.0
3384,2786,0.002,0.5,125.0
2786,3384,0.002,0.5,125.0
3648,2786,0.002,0.5,125.0
2786,3648,0.002,0.5,125.0
2786,3909,0.002,0.5,125.0
3909,2786,0.002,0.5,125.0
3098,2788,0.002,1.0,125.0
2788,3098,0.002,0.25,125.0
2788,3503,0.002,0.25,125.0
3503,2788,0.002,1.0,125.0
3772,2788,0.002,1.0,125.0
2788,3772,0.002,0.25,125.0
4152,2788,0.002,0.2,25.0
2788,4152,0.002,0.25,25.0
2882,2789,0.002,0.5,250.0
2789,2882,0.002,1.0,250.0
2792,3324,0.002,1.0,250.0
3324,2792,0.002,0.5,250.0
2792,3360,0.002,1.0,250.0
3360,2792,0.002,0.5,250.0
2795,3038,0.002,1.0,500.0
3038,2795,0.002,1.0,500.0
3408,2795,0.002,1.0,500.0
2795,3408,0.002,1.0,500.0
3876,2797,0.002,1.0,500.0
2797,3876,0.002,1.0,500.0
2801,3100,0.002,1.0,250.0
3100,2801,0.002,0.5,250.0
2801,3653,0.002,1.0,166.66666666666666
3653,2801,0.002,0.3333333333333333,166.66666666666666
4051,2804,0.002,1.0,500.0
2804,4051,0.002,1.0,500.0
3161,2806,0.002,0.5,125.0
2806,3161,0.002,0.5,125.0
3740,2806,0.002,1.0,250.0
2806,3740,0.002,0.5,250.0
4115,2806,0.002,0.3333333333333333,83.33333333333333
2806,4115,0.002,0.5,83.33333333333333
2809,3106,0.002,1.0,500.0
3106,2809,0.002,1.0,500.0
2809,3426,0.002,1.0,500.0
3426,2809,0.002,1.0,500.0
2810,3107,0.002,1.0,500.0
3107,2810,0.002,1.0,500.0
2811,2948,0.002,0.5,125.0
2948,2811,0.002,0.5,125.0
3697,2811,0.002,1.0,250.0
2811,3697,0.002,0.5,250.0
3771,2811,0.002,0.5,125.0
2811,3771,0.002,0.5,125.0
3080,2812,0.002,0.5,250.0
2812,3080,0.002,1.0,250.0
3946,2812,0.002,0.25,125.0
2812,3946,0.002,1.0,125.0
3345,2814,0.002,1.0,500.0
2814,3345,0.002,1.0,500.0
3925,2814,0.002,0.3333333333333333,166.66666666666666
2814,3925,0.002,1.0,166.66666666666666
3587,2815,0.002,0.5,250.0
2815,3587,0.002,1.0,250.0
2816,3070,0.002,1.0,250.0
3070,2816,0.002,0.5,250.0
3410,2821,0.002,0.5,250.0
2821,3410,0.002,1.0,250.0
2825,2914,0.002,1.0,166.66666666666666
2914,2825,0.002,0.3333333333333333,166.66666666666666
3328,2827,0.002,1.0,500.0
2827,3328,0.002,1.0,500.0
2827,3918,0.002,1.0,125.0
3918,2827,0.002,0.25,125.0
3320,2828,0.002,0.5,83.33333333333333
2828,3320,0.002,0.3333333333333333,83.33333333333333
3338,2828,0.002,0.5,83.33333333333333
2828,3338,0.002,0.3333333333333333,83.33333333333333
2828,3463,0.002,0.3333333333333333,166.66666666666666
3463,2828,0.002,1.0,166.66666666666666
2828,3950,0.002,0.3333333333333333,83.33333333333333
3950,2828,0.002,0.5,83.33333333333333
3246,2830,0.002,1.0,500.0
2830,3246,0.002,1.0,500.0
2974,2831,0.002,1.0,250.0
2831,2974,0.002,0.5,250.0
3608,2831,0.002,0.5,125.0
2831,3608,0.002,0.5,125.0
3570,2836,0.002,0.25,125.0
2836,3570,0.002,1.0,125.0
2836,4061,0.002,1.0,250.0
4061,2836,0.002,0.5,250.0
2837,2959,0.002,1.0,500.0
2959,2837,0.002,1.0,500.0
3394,2837,0.002,1.0,500.0
2837,3394,0.002,1.0,500.0
4110,2839,0.002,1.0,500.0
2839,4110,0.002,1.0,500.0
3266,2842,0.002,1.0,166.66666666666666
2842,3266,0.002,0.3333333333333333,166.66666666666666
3642,2842,0.002,0.5,83.33333333333333
2842,3642,0.002,0.3333333333333333,83.33333333333333
2842,3879,0.002,0.3333333333333333,83.33333333333333
3879,2842,0.002,0.5,83.33333333333333
2843,3614,0.002,1.0,500.0
3614,2843,0.002,1.0,500.0
2844,2901,0.002,1.0,250.0
2901,2844,0.002,0.5,250.0
2948,2844,0.002,0.5,250.0
2844,2948,0.002,1.0,250.0
3425,2847,0.002,0.5,250.0
2847,3425,0.002,1.0,250.0
4098,2847,0.002,1.0,500.0
2847,4098,0.002,1.0,500.0
2850,2918,0.002,0.5,125.0
2918,2850,0.002,0.5,125.0
3642,2850,0.002,0.5,125.0
2850,3642,0.002,0.5,125.0
2850,3994,0.002,0.5,250.0
3994,2850,0.002,1.0,250.0
3020,2853,0.002,0.25,125.0
2853,3020,0.002,1.0,125.0
3179,2853,0.002,1.0,500.0
2853,3179,0.002,1.0,500.0
3186,2854,0.002,0.5,125.0
2854,3186,0.002,0.5,125.0
4004,2854,0.002,0.5,125.0
2854,4004,0.002,0.5,125.0
2857,3210,0.002,1.0,250.0
3210,2857,0.002,0.5,250.0
2857,3350,0.002,1.0,500.0
3350,2857,0.002,1.0,500.0
2859,3115,0.002,0.5,62.5
3115,2859,0.002,0.25,62.5
2859,3654,0.002,0.5,250.0
3654,2859,0.002,1.0,250.0
3770,2859,0.002,0.5,125.0
2859,3770,0.002,0.5,125.0
2859,3935,0.002,0.5,125.0
3935,2859,0.002,0.5,125.0
3440,2860,0.002,0.5,125.0
2860,3440,0.002,0.5,125.0
3635,2860,0.002,1.0,250.0
2860,3635,0.002,0.5,250.0
4064,2860,0.002,0.5,125.0
2860,4064,0.002,0.5,125.0
2861,3455,0.002,0.5,125.0
3455,2861,0.002,0.5,125.0
3760,2861,0.002,1.0,250.0
2861,3760,0.002,0.5,250.0
4016,2861,0.002,1.0,250.0
2861,4016,0.002,0.5,250.0
2881,2862,0.002,0.25,125.0
2862,2881,0.002,1.0,125.0
3819,2863,0.002,1.0,250.0
2863,3819,0.002,0.5,250.0
3978,2863,0.002,0.3333333333333333,83.33333333333333
2863,3978,0.002,0.5,83.33333333333333
4065,2863,0.002,0.3333333333333333,83.33333333333333
2863,4065,0.002,0.5,83.33333333333333
2865,3919,0.002,1.0,166.66666666666666
3919,2865,0.002,0.3333333333333333,166.66666666666666
3386,2867,0.002,1.0,500.0
2867,3386,0.002,1.0,500.0
3064,2872,0.002,0.25,125.0
2872,3064,0.002,1.0,125.0
2872,3774,0.002,1.0,250.0
3774,2872,0.002,0.5,250.0
2873,3515,0.002,1.0,500.0
3515,2873,0.002,1.0,500.0
3649,2873,0.002,1.0,500.0
2873,3649,0.002,1.0,500.0
2875,3196,0.002,1.0,250.0
3196,2875,0.002,0.5,250.0
2904,2876,0.002,1.0,166.66666666666666
2876,2904,0.002,0.3333333333333333,166.66666666666666
3082,2876,0.002,0.5,83.33333333333333
2876,3082,0.002,0.3333333333333333,83.33333333333333
3218,2876,0.002,0.5,83.33333333333333
2876,3218,0.002,0.3333333333333333,83.33333333333333
3434,2876,0.002,1.0,166.66666666666666
2876,3434,0.002,0.3333333333333333,166.66666666666666
3528,2876,0.002,1.0,166.66666666666666
2876,3528,0.002,0.3333333333333333,166.66666666666666
2941,2879,0.002,1.0,500.0
2879,2941,0.002,1.0,500.0
3250,2879,0.002,1.0,500.0
2879,3250,0.002,1.0,500.0
2880,3818,0.002,1.0,500.0
3818,2880,0.002,1.0,500.0
2881,3010,0.002,0.25,62.5
3010,2881,0.002,0.5,62.5
2881,3050,0.002,0.25,125.0
3050,2881,0.002,1.0,125.0
2881,3340,0.002,0.25,41.666666666666664
3340,2881,0.002,0.3333333333333333,41.666666666666664
2881,4033,0.002,0.25,125.0
4033,2881,0.002,1.0,125.0
2884,3541,0.002,1.0,166.66666666666666
3541,2884,0.002,0.3333333333333333,166.66666666666666
3553,2884,0.002,1.0,500.0
2884,3553,0.002,1.0,500.0
3442,2885,0.002,0.25,125.0
2885,3442,0.002,1.0,125.0
3064,2889,0.002,0.25,125.0
2889,3064,0.002,1.0,125.0
2889,3115,0.002,1.0,125.0
3115,2889,0.002,0.25,125.0
3864,2891,0.002,0.5,250.0
2891,3864,0.002,1.0,250.0
2891,4126,0.002,1.0,250.0
4126,2891,0.002,0.5,250.0
3763,2892,0.002,0.5,250.0
2892,3763,0.002,1.0,250.0
3131,2894,0.002,1.0,500.0
2894,3131,0.002,1.0,500.0
2894,4126,0.002,1.0,250.0
4126,2894,0.002,0.5,250.0
3300,2895,0.002,1.0,500.0
2895,3300,0.002,1.0,500.0
2897,3073,0.002,1.0,250.0
3073,2897,0.002,0.5,250.0
3608,2897,0.002,0.5,250.0
2897,3608,0.002,1.0,250.0
2898,3351,0.002,1.0,250.0
3351,2898,0.002,0.5,250.0
2948,2901,0.002,0.5,125.0
2901,2948,0.002,0.5,125.0
3018,2901,0.002,0.5,125.0
2901,3018,0.002,0.5,125.0
3600,2901,0.002,1.0,250.0
2901,3600,0.002,0.5,250.0
3653,2902,0.002,0.3333333333333333,166.66666666666666
2902,3653,0.002,1.0,166.66666666666666
3936,2902,0.002,1.0,500.0
2902,3936,0.002,1.0,500.0
2904,3082,0.002,1.0,250.0
3082,2904,0.002,0.5,250.0
2905,3238,0.002,0.5,83.33333333333333
3238,2905,0.002,0.3333333333333333,83.33333333333333
2905,3517,0.002,0.5,250.0
3517,2905,0.002,1.0,250.0
2905,3578,0.002,0.5,83.33333333333333
3578,2905,0.002,0.3333333333333333,83.33333333333333
2905,3692,0.002,0.5,250.0
3692,2905,0.002,1.0,250.0
2909,3541,0.002,1.0,166.66666666666666
3541,2909,0.002,0.3333333333333333,166.66666666666666
4123,2909,0.002,1.0,500.0
2909,4123,0.002,1.0,500.0
4148,2911,0.002,0.5,250.0
2911,4148,0.002,1.0,250.0
2913,3049,0.002,1.0,250.0
3049,2913,0.002,0.5,250.0
2913,3699,0.002,1.0,166.66666666666666
3699,2913,0.002,0.3333333333333333,166.66666666666666
2914,3015,0.002,0.3333333333333333,83.33333333333333
3015,2914,0.002,0.5,83.33333333333333
3064,2914,0.002,0.25,41.666666666666664
2914,3064,0.002,0.3333333333333333,41.666666666666664
3162,2914,0.002,0.3333333333333333,55.55555555555555
2914,3162,0.002,0.3333333333333333,55.55555555555555
2915,3156,0.002,1.0,166.66666666666666
3156,2915,0.002,0.3333333333333333,166.66666666666666
3025,2916,0.002,1.0,500.0
2916,3025,0.002,1.0,500.0
3498,2916,0.002,0.5,250.0
2916,3498,0.002,1.0,250.0
3960,2917,0.002,1.0,500.0
2917,3960,0.002,1.0,500.0
3082,2918,0.002,0.5,125.0
2918,3082,0.002,0.5,125.0
3642,2918,0.002,0.5,125.0
2918,3642,0.002,0.5,125.0
2923,3541,0.002,1.0,166.66666666666666
3541,2923,0.002,0.3333333333333333,166.66666666666666
4131,2926,0.002,0.5,250.0
2926,4131,0.002,1.0,250.0
2928,3852,0.002,1.0,125.0
3852,2928,0.002,0.25,125.0
2928,3951,0.002,1.0,500.0
3951,2928,0.002,1.0,500.0
2929,3510,0.002,0.5,250.0
3510,2929,0.002,1.0,250.0
2929,3706,0.002,0.5,125.0
3706,2929,0.002,0.5,125.0
2929,3878,0.002,0.5,125.0
3878,2929,0.002,0.5,125.0
2929,4022,0.002,0.5,62.5
4022,2929,0.002,0.25,62.5
2930,3804,0.002,1.0,500.0
3804,2930,0.002,1.0,500.0
3945,2930,0.002,1.0,500.0
2930,3945,0.002,1.0,500.0
2931,2934,0.002,1.0,166.66666666666666
2934,2931,0.002,0.3333333333333333,166.66666666666666
4032,2931,0.002,0.3333333333333333,166.66666666666666
2931,4032,0.002,1.0,166.66666666666666
2932,3014,0.002,0.5,125.0
3014,2932,0.002,0.5,125.0
2932,3581,0.002,0.5,83.33333333333333
3581,2932,0.002,0.3333333333333333,83.33333333333333
4068,2932,0.002,0.5,125.0
2932,4068,0.002,0.5,125.0
3288,2933,0.002,0.5,250.0
2933,3288,0.002,1.0,250.0
3544,2933,0.002,0.5,250.0
2933,3544,0.002,1.0,250.0
2934,3319,0.002,0.3333333333333333,83.33333333333333
3319,2934,0.002,0.5,83.33333333333333
2934,3375,0.002,0.3333333333333333,83.33333333333333
3375,2934,0.002,0.5,83.33333333333333
3627,2934,0.002,1.0,166.66666666666666
2934,3627,0.002,0.3333333333333333,166.66666666666666
4032,2934,0.002,0.3333333333333333,55.55555555555555
2934,4032,0.002,0.3333333333333333,55.55555555555555
3102,2935,0.002,1.0,500.0
2935,3102,0.002,1.0,500.0
2936,3012,0.002,1.0,166.66666666666666
3012,2936,0.002,0.3333333333333333,166.66666666666666
2936,3053,0.002,1.0,250.0
3053,2936,0.002,0.5,250.0
2937,3043,0.002,0.5,250.0
3043,2937,0.002,1.0,250.0
2937,3499,0.002,0.5,125.0
3499,2937,0.002,0.5,125.0
2937,3683,0.002,0.5,250.0
3683,2937,0.002,1.0,250.0
2939,3356,0.002,1.0,500.0
3356,2939,0.002,1.0,500.0
3699,2939,0.002,0.3333333333333333,166.66666666666666
2939,3699,0.002,1.0,166.66666666666666
2940,2943,0.002,0.3333333333333333,83.33333333333333
2943,2940,0.002,0.5,83.33333333333333
2940,3070,0.002,0.3333333333333333,83.33333333333333
3070,2940,0.002,0.5,83.33333333333333
3185,2940,0.002,1.0,166.66666666666666
2940,3185,0.002,0.3333333333333333,166.66666666666666
3296,2940,0.002,0.3333333333333333,55.55555555555555
2940,3296,0.002,0.3333333333333333,55.55555555555555
3450,2940,0.002,1.0,166.66666666666666
2940,3450,0.002,0.3333333333333333,166.66666666666666
3955,2940,0.002,1.0,166.66666666666666
2940,3955,0.002,0.3333333333333333,166.66666666666666
3250,2941,0.002,1.0,500.0
2941,3250,0.002,1.0,500.0
3185,2943,0.002,1.0,250.0
2943,3185,0.002,0.5,250.0
3442,2943,0.002,0.25,62.5
2943,3442,0.002,0.5,62.5
3465,2943,0.002,0.5,125.0
2943,3465,0.002,0.5,125.0
2944,3071,0.002,1.0,250.0
3071,2944,0.002,0.5,250.0
2945,2965,0.002,0.3333333333333333,83.33333333333333
2965,2945,0.002,0.5,83.33333333333333
3296,2945,0.002,0.3333333333333333,55.55555555555555
2945,3296,0.002,0.3333333333333333,55.55555555555555
2945,4111,0.002,0.3333333333333333,166.66666666666666
4111,2945,0.002,1.0,166.66666666666666
2947,3812,0.002,1.0,250.0
3812,2947,0.002,0.5,250.0
3976,2947,0.002,0.5,250.0
2947,3976,0.002,1.0,250.0
2949,3143,0.002,1.0,250.0
3143,2949,0.002,0.5,250.0
2949,3174,0.002,1.0,500.0
3174,2949,0.002,1.0,500.0
3980,2950,0.002,1.0,250.0
2950,3980,0.002,0.5,250.0
4090,2950,0.002,0.5,125.0
2950,4090,0.002,0.5,125.0
2952,4125,0.002,0.5,250.0
4125,2952,0.002,1.0,250.0
2954,3339,0.002,0.5,250.0
3339,2954,0.002,1.0,250.0
2954,3790,0.002,0.5,250.0
3790,2954,0.002,1.0,250.0
2954,4082,0.002,0.5,125.0
4082,2954,0.002,0.5,125.0
2955,3365,0.002,1.0,250.0
3365,2955,0.002,0.5,250.0
2956,3012,0.002,1.0,166.66666666666666
3012,2956,0.002,0.3333333333333333,166.66666666666666
2956,3556,0.002,1.0,500.0
3556,2956,0.002,1.0,500.0
3394,2959,0.002,1.0,500.0
2959,3394,0.002,1.0,500.0
2960,3452,0.002,1.0,250.0
3452,2960,0.002,0.5,250.0
2961,3165,0.002,0.5,250.0
3165,2961,0.002,1.0,250.0
2961,3519,0.002,0.5,125.0
3519,2961,0.002,0.5,125.0
2961,3690,0.002,0.5,125.0
3690,2961,0.002,0.5,125.0
3976,2961,0.002,0.5,125.0
2961,3976,0.002,0.5,125.0
2963,3077,0.002,1.0,166.66666666666666
3077,2963,0.002,0.3333333333333333,166.66666666666666
2963,3557,0.002,1.0,250.0
3557,2963,0.002,0.5,250.0
2964,3263,0.002,0.5,83.33333333333333
3263,2964,0.002,0.3333333333333333,83.33333333333333
3737,2964,0.002,1.0,250.0
2964,3737,0.002,0.5,250.0
4082,2964,0.002,0.5,125.0
2964,4082,0.002,0.5,125.0
4113,2964,0.002,0.5,125.0
2964,4113,0.002,0.5,125.0
3425,2965,0.002,0.5,125.0
2965,3425,0.002,0.5,125.0
3493,2966,0.002,1.0,500.0
2966,3493,0.002,1.0,500.0
3577,2966,0.002,1.0,500.0
2966,3577,0.002,1.0,500.0
3859,2967,0.002,0.25,125.0
2967,3859,0.002,1.0,125.0
4144,2967,0.002,0.3333333333333333,166.66666666666666
2967,4144,0.002,1.0,166.66666666666666
2979,2971,0.002,0.3333333333333333,166.66666666666666
2971,2979,0.002,1.0,166.66666666666666
2977,3162,0.002,0.5,83.33333333333333
3162,2977,0.002,0.3333333333333333,83.33333333333333
2977,3459,0.002,0.5,250.0
3459,2977,0.002,1.0,250.0
2977,3927,0.002,0.5,125.0
3927,2977,0.002,0.5,125.0
2977,4085,0.002,0.5,250.0
4085,2977,0.002,1.0,250.0
2978,3893,0.002,1.0,500.0
3893,2978,0.002,1.0,500.0
2979,3180,0.002,0.3333333333333333,166.66666666666666
3180,2979,0.002,1.0,166.66666666666666
3281,2979,0.002,1.0,166.66666666666666
2979,3281,0.002,0.3333333333333333,166.66666666666666
2979,3389,0.002,0.3333333333333333,166.66666666666666
3389,2979,0.002,1.0,166.66666666666666
3451,2980,0.002,1.0,500.0
2980,3451,0.002,1.0,500.0
3808,2983,0.002,1.0,250.0
2983,3808,0.002,0.5,250.0
3930,2983,0.002,1.0,250.0
2983,3930,0.002,0.5,250.0
4077,2983,0.002,0.25,62.5
2983,4077,0.002,0.5,62.5
2985,3169,0.002,0.3333333333333333,166.66666666666666
3169,2985,0.002,1.0,166.66666666666666
2985,3206,0.002,0.3333333333333333,83.33333333333333
3206,2985,0.002,0.5,83.33333333333333
2985,3867,0.002,0.3333333333333333,166.66666666666666
3867,2985,0.002,1.0,166.66666666666666
3912,2985,0.002,0.3333333333333333,55.55555555555555
2985,3912,0.002,0.3333333333333333,55.55555555555555
2985,4115,0.002,0.3333333333333333,55.55555555555555
4115,2985,0.002,0.3333333333333333,55.55555555555555
2990,3271,0.002,0.5,250.0
3271,2990,0.002,1.0,250.0
2990,3679,0.002,0.5,250.0
3679,2990,0.002,1.0,250.0
4145,2990,0.002,0.25,62.5
2990,4145,0.002,0.5,62.5
2991,3375,0.002,1.0,250.0
3375,2991,0.002,0.5,250.0
3728,2994,0.002,0.5,250.0
2994,3728,0.002,1.0,250.0
2994,4114,0.002,1.0,250.0
4114,2994,0.002,0.5,250.0
3714,2996,0.002,1.0,500.0
2996,3714,0.002,1.0,500.0
3931,2996,0.002,0.5,250.0
2996,3931,0.002,1.0,250.0
3978,2998,0.002,0.3333333333333333,166.66666666666666
2998,3978,0.002,1.0,166.66666666666666
4001,2998,0.002,1.0,500.0
2998,4001,0.002,1.0,500.0
3000,3145,0.002,1.0,500.0
3145,3000,0.002,1.0,500.0
3002,3210,0.002,0.5,125.0
3210,3002,0.002,0.5,125.0
3002,3565,0.002,0.5,125.0
3565,3002,0.002,0.5,125.0
4024,3002,0.002,0.5,125.0
3002,4024,0.002,0.5,125.0
3002,4114,0.002,0.5,125.0
4114,3002,0.002,0.5,125.0
3121,3003,0.002,0.5,250.0
3003,3121,0.002,1.0,250.0
3003,3935,0.002,1.0,250.0
3935,3003,0.002,0.5,250.0
4130,3005,0.002,0.3333333333333333,166.66666666666666
3005,4130,0.002,1.0,166.66666666666666
3066,3006,0.002,0.3333333333333333,83.33333333333333
3006,3066,0.002,0.5,83.33333333333333
4117,3006,0.002,0.5,125.0
3006,4117,0.002,0.5,125.0
3010,3340,0.002,0.5,83.33333333333333
3340,3010,0.002,0.3333333333333333,83.33333333333333
3010,4117,0.002,0.5,125.0
4117,3010,0.002,0.5,125.0
3012,3053,0.002,0.3333333333333333,83.33333333333333
3053,3012,0.002,0.5,83.33333333333333
3012,3556,0.002,0.3333333333333333,166.66666666666666
3556,3012,0.002,1.0,166.66666666666666
4131,3012,0.002,0.5,83.33333333333333
3012,4131,0.002,0.3333333333333333,83.33333333333333
3448,3013,0.002,1.0,500.0
3013,3448,0.002,1.0,500.0
3777,3013,0.002,1.0,500.0
3013,3777,0.002,1.0,500.0
3064,3015,0.002,0.25,62.5
3015,3064,0.002,0.5,62.5
4146,3015,0.002,0.5,125.0
3015,4146,0.002,0.5,125.0
3016,3241,0.002,1.0,166.66666666666666
3241,3016,0.002,0.3333333333333333,166.66666666666666
3016,3895,0.002,1.0,500.0
3895,3016,0.002,1.0,500.0
3017,3132,0.002,0.3333333333333333,55.55555555555555
3132,3017,0.002,0.3333333333333333,55.55555555555555
3017,3301,0.002,0.3333333333333333,166.66666666666666
3301,3017,0.002,1.0,166.66666666666666
3017,3522,0.002,0.3333333333333333,83.33333333333333
3522,3017,0.002,0.5,83.33333333333333
3017,4055,0.002,0.3333333333333333,83.33333333333333
4055,3017,0.002,0.5,83.33333333333333
3017,4146,0.002,0.3333333333333333,83.33333333333333
4146,3017,0.002,0.5,83.33333333333333
3384,3018,0.002,0.5,125.0
3018,3384,0.002,0.5,125.0
3600,3018,0.002,1.0,250.0
3018,3600,0.002,0.5,250.0
3020,3166,0.002,0.25,62.5
3166,3020,0.002,0.5,62.5
3179,3020,0.002,1.0,125.0
3020,3179,0.002,0.25,125.0
3020,3380,0.002,0.25,125.0
3380,3020,0.002,1.0,125.0
3020,3551,0.002,0.25,125.0
3551,3020,0.002,1.0,125.0
3020,3815,0.002,0.25,41.666666666666664
3815,3020,0.002,0.3333333333333333,41.666666666666664
3344,3023,0.002,1.0,166.66666666666666
3023,3344,0.002,0.3333333333333333,166.66666666666666
3480,3023,0.002,0.5,83.33333333333333
3023,3480,0.002,0.3333333333333333,83.33333333333333
3535,3023,0.002,0.5,83.33333333333333
3023,3535,0.002,0.3333333333333333,83.33333333333333
3613,3023,0.002,0.5,83.33333333333333
3023,3613,0.002,0.3333333333333333,83.33333333333333
3832,3023,0.002,1.0,166.66666666666666
3023,3832,0.002,0.3333333333333333,166.66666666666666
3025,3498,0.002,1.0,250.0
3498,3025,0.002,0.5,250.0
3028,4039,0.002,1.0,500.0
4039,3028,0.002,1.0,500.0
3480,3029,0.002,0.5,250.0
3029,3480,0.002,1.0,250.0
3029,3669,0.002,1.0,250.0
3669,3029,0.002,0.5,250.0
3481,3031,0.002,1.0,500.0
3031,3481,0.002,1.0,500.0
3408,3038,0.002,1.0,500.0
3038,3408,0.002,1.0,500.0
3042,3125,0.002,0.5,83.33333333333333
3125,3042,0.002,0.3333333333333333,83.33333333333333
3042,3318,0.002,0.5,125.0
3318,3042,0.002,0.5,125.0
3042,3326,0.002,0.5,62.5
3326,3042,0.002,0.25,62.5
3683,3043,0.002,1.0,500.0
3043,3683,0.002,1.0,500.0
3048,3581,0.002,1.0,166.66666666666666
3581,3048,0.002,0.3333333333333333,166.66666666666666
3049,3099,0.002,0.5,62.5
3099,3049,0.002,0.25,62.5
3049,3699,0.002,0.5,83.33333333333333
3699,3049,0.002,0.3333333333333333,83.33333333333333
3745,3053,0.002,1.0,250.0
3053,3745,0.002,0.5,250.0
4010,3053,0.002,1.0,250.0
3053,4010,0.002,0.5,250.0
3546,3055,0.002,0.5,250.0
3055,3546,0.002,1.0,250.0
4064,3055,0.002,0.5,250.0
3055,4064,0.002,1.0,250.0
3056,3099,0.002,1.0,125.0
3099,3056,0.002,0.25,125.0
3056,4050,0.002,1.0,500.0
4050,3056,0.002,1.0,500.0
3057,3998,0.002,1.0,166.66666666666666
3998,3057,0.002,0.3333333333333333,166.66666666666666
3059,3340,0.002,0.3333333333333333,55.55555555555555
3340,3059,0.002,0.3333333333333333,55.55555555555555
3384,3059,0.002,0.5,83.33333333333333
3059,3384,0.002,0.3333333333333333,83.33333333333333
3059,3932,0.002,0.3333333333333333,166.66666666666666
3932,3059,0.002,1.0,166.66666666666666
3064,3115,0.002,0.25,31.25
3115,3064,0.002,0.25,31.25
3064,3400,0.002,0.25,41.666666666666664
3400,3064,0.002,0.3333333333333333,41.666666666666664
3064,3578,0.002,0.25,41.666666666666664
3578,3064,0.002,0.3333333333333333,41.666666666666664
3064,3774,0.002,0.25,62.5
3774,3064,0.002,0.5,62.5
3066,3341,0.002,0.3333333333333333,166.66666666666666
3341,3066,0.002,1.0,166.66666666666666
3066,4095,0.002,0.3333333333333333,166.66666666666666
4095,3066,0.002,1.0,166.66666666666666
3067,3766,0.002,1.0,250.0
3766,3067,0.002,0.5,250.0
3068,3662,0.002,1.0,500.0
3662,3068,0.002,1.0,500.0
3068,3695,0.002,1.0,500.0
3695,3068,0.002,1.0,500.0
3296,3070,0.002,0.3333333333333333,83.33333333333333
3070,3296,0.002,0.5,83.33333333333333
3739,3071,0.002,0.5,125.0
3071,3739,0.002,0.5,125.0
3608,3073,0.002,0.5,125.0
3073,3608,0.002,0.5,125.0
3073,3766,0.002,0.5,125.0
3766,3073,0.002,0.5,125.0
3073,4132,0.002,0.5,250.0
4132,3073,0.002,1.0,250.0
3074,3810,0.002,1.0,500.0
3810,3074,0.002,1.0,500.0
3360,3076,0.002,0.5,250.0
3076,3360,0.002,1.0,250.0
3912,3076,0.002,0.3333333333333333,166.66666666666666
3076,3912,0.002,1.0,166.66666666666666
3506,3077,0.002,0.5,83.33333333333333
3077,3506,0.002,0.3333333333333333,83.33333333333333
3077,3557,0.002,0.3333333333333333,83.33333333333333
3557,3077,0.002,0.5,83.33333333333333
4128,3077,0.002,1.0,166.66666666666666
3077,4128,0.002,0.3333333333333333,166.66666666666666
3078,3639,0.002,1.0,500.0
3639,3078,0.002,1.0,500.0
3536,3079,0.002,1.0,500.0
3079,3536,0.002,1.0,500.0
3080,3873,0.002,0.5,250.0
3873,3080,0.002,1.0,250.0
3080,3946,0.002,0.5,62.5
3946,3080,0.002,0.25,62.5
3081,3487,0.002,1.0,166.66666666666666
3487,3081,0.002,0.3333333333333333,166.66666666666666
3081,3883,0.002,1.0,250.0
3883,3081,0.002,0.5,250.0
3085,3855,0.002,1.0,500.0
3855,3085,0.002,1.0,500.0
3085,3911,0.002,1.0,500.0
3911,3085,0.002,1.0,500.0
3088,3908,0.002,1.0,500.0
3908,3088,0.002,1.0,500.0
3363,3092,0.002,0.5,250.0
3092,3363,0.002,1.0,250.0
3514,3093,0.002,1.0,500.0
3093,3514,0.002,1.0,500.0
3844,3093,0.002,0.5,250.0
3093,3844,0.002,1.0,250.0
3752,3094,0.002,1.0,250.0
3094,3752,0.002,0.5,250.0
3925,3094,0.002,0.3333333333333333,83.33333333333333
3094,3925,0.002,0.5,83.33333333333333
3523,3095,0.002,0.3333333333333333,166.66666666666666
3095,3523,0.002,1.0,166.66666666666666
3096,3638,0.002,1.0,500.0
3638,3096,0.002,1.0,500.0
3096,3857,0.002,1.0,250.0
3857,3096,0.002,0.5,250.0
3097,3181,0.002,1.0,166.66666666666666
3181,3097,0.002,0.3333333333333333,166.66666666666666
4136,3097,0.002,1.0,500.0
3097,4136,0.002,1.0,500.0
3512,3099,0.002,1.0,125.0
3099,3512,0.002,0.25,125.0
3099,4015,0.002,0.25,125.0
4015,3099,0.002,1.0,125.0
4050,3099,0.002,1.0,125.0
3099,4050,0.002,0.25,125.0
3099,4055,0.002,0.25,62.5
4055,3099,0.002,0.5,62.5
3116,3100,0.002,0.5,125.0
3100,3116,0.002,0.5,125.0
3100,3653,0.002,0.5,83.33333333333333
3653,3100,0.002,0.3333333333333333,83.33333333333333
4090,3100,0.002,0.5,125.0
3100,4090,0.002,0.5,125.0
3426,3106,0.002,1.0,500.0
3106,3426,0.002,1.0,500.0
3108,3628,0.002,1.0,500.0
3628,3108,0.002,1.0,500.0
4048,3108,0.002,1.0,500.0
3108,4048,0.002,1.0,500.0
3113,3946,0.002,1.0,125.0
3946,3113,0.002,0.25,125.0
3650,3115,0.002,0.5,62.5
3115,3650,0.002,0.25,62.5
3770,3115,0.002,0.5,62.5
3115,3770,0.002,0.25,62.5
3946,3115,0.002,0.25,31.25
3115,3946,0.002,0.25,31.25
3116,3581,0.002,0.5,83.33333333333333
3581,3116,0.002,0.3333333333333333,83.33333333333333
4090,3116,0.002,0.5,125.0
3116,4090,0.002,0.5,125.0
3971,3119,0.002,0.25,125.0
3119,3971,0.002,1.0,125.0
3120,3241,0.002,1.0,166.66666666666666
3241,3120,0.002,0.3333333333333333,166.66666666666666
3120,3721,0.002,1.0,500.0
3721,3120,0.002,1.0,500.0
3121,3935,0.002,0.5,125.0
3935,3121,0.002,0.5,125.0
4032,3121,0.002,0.3333333333333333,83.33333333333333
3121,4032,0.002,0.5,83.33333333333333
3376,3122,0.002,0.3333333333333333,166.66666666666666
3122,3376,0.002,1.0,166.66666666666666
3124,3302,0.002,0.3333333333333333,83.33333333333333
3302,3124,0.002,0.5,83.33333333333333
3376,3124,0.002,0.3333333333333333,55.55555555555555
3124,3376,0.002,0.3333333333333333,55.55555555555555
3124,3431,0.002,0.3333333333333333,166.66666666666666
3431,3124,0.002,1.0,166.66666666666666
3648,3124,0.002,0.5,83.33333333333333
3124,3648,0.002,0.3333333333333333,83.33333333333333
3881,3124,0.002,1.0,166.66666666666666
3124,3881,0.002,0.3333333333333333,166.66666666666666
4152,3124,0.002,0.2,33.333333333333336
3124,4152,0.002,0.3333333333333333,33.33333333333333
3125,3151,0.002,0.3333333333333333,166.66666666666666
3151,3125,0.002,1.0,166.66666666666666
3125,3318,0.002,0.3333333333333333,83.33333333333333
3318,3125,0.002,0.5,83.33333333333333
3125,3511,0.002,0.3333333333333333,166.66666666666666
3511,3125,0.002,1.0,166.66666666666666
3125,3710,0.002,0.3333333333333333,166.66666666666666
3710,3125,0.002,1.0,166.66666666666666
3131,4126,0.002,1.0,250.0
4126,3131,0.002,0.5,250.0
3132,3301,0.002,0.3333333333333333,166.66666666666666
3301,3132,0.002,1.0,166.66666666666666
3132,3526,0.002,0.3333333333333333,83.33333333333333
3526,3132,0.002,0.5,83.33333333333333
3596,3132,0.002,1.0,166.66666666666666
3132,3596,0.002,0.3333333333333333,166.66666666666666
3133,3406,0.002,1.0,250.0
3406,3133,0.002,0.5,250.0
3636,3133,0.002,0.3333333333333333,166.66666666666666
3133,3636,0.002,1.0,166.66666666666666
3544,3134,0.002,0.5,250.0
3134,3544,0.002,1.0,250.0
3866,3134,0.002,0.25,125.0
3134,3866,0.002,1.0,125.0
3552,3138,0.002,0.5,250.0
3138,3552,0.002,1.0,250.0
3856,3138,0.002,0.3333333333333333,166.66666666666666
3138,3856,0.002,1.0,166.66666666666666
3139,3667,0.002,1.0,166.66666666666666
3667,3139,0.002,0.3333333333333333,166.66666666666666
3140,3303,0.002,0.5,250.0
3303,3140,0.002,1.0,250.0
3140,3613,0.002,0.5,125.0
3613,3140,0.002,0.5,125.0
3140,3660,0.002,0.5,250.0
3660,3140,0.002,1.0,250.0
3141,3262,0.002,1.0,250.0
3262,3141,0.002,0.5,250.0
3401,3141,0.002,0.3333333333333333,166.66666666666666
3141,3401,0.002,1.0,166.66666666666666
3174,3143,0.002,1.0,250.0
3143,3174,0.002,0.5,250.0
3373,3143,0.002,0.5,125.0
3143,3373,0.002,0.5,125.0
3401,3143,0.002,0.3333333333333333,83.33333333333333
3143,3401,0.002,0.5,83.33333333333333
3151,3511,0.002,1.0,500.0
3511,3151,0.002,1.0,500.0
3152,3387,0.002,1.0,500.0
3387,3152,0.002,1.0,500.0
3153,3324,0.002,1.0,250.0
3324,3153,0.002,0.5,250.0
3153,4054,0.002,1.0,500.0
4054,3153,0.002,1.0,500.0
3267,3156,0.002,1.0,166.66666666666666
3156,3267,0.002,0.3333333333333333,166.66666666666666
3443,3156,0.002,0.5,83.33333333333333
3156,3443,0.002,0.3333333333333333,83.33333333333333
3753,3156,0.002,1.0,166.66666666666666
3156,3753,0.002,0.3333333333333333,166.66666666666666
3156,3821,0.002,0.3333333333333333,166.66666666666666
3821,3156,0.002,1.0,166.66666666666666
3522,3159,0.002,0.5,250.0
3159,3522,0.002,1.0,250.0
3161,3742,0.002,0.5,125.0
3742,3161,0.002,0.5,125.0
3161,3917,0.002,0.5,125.0
3917,3161,0.002,0.5,125.0
3161,4115,0.002,0.5,83.33333333333333
4115,3161,0.002,0.3333333333333333,83.33333333333333
3162,3326,0.002,0.3333333333333333,41.666666666666664
3326,3162,0.002,0.25,41.666666666666664
3162,3459,0.002,0.3333333333333333,166.66666666666666
3459,3162,0.002,1.0,166.66666666666666
3465,3162,0.002,0.5,83.33333333333333
3162,3465,0.002,0.3333333333333333,83.33333333333333
3163,3315,0.002,1.0,500.0
3315,3163,0.002,1.0,500.0
3928,3163,0.002,1.0,500.0
3163,3928,0.002,1.0,500.0
3976,3165,0.002,0.5,250.0
3165,3976,0.002,1.0,250.0
3858,3166,0.002,1.0,250.0
3166,3858,0.002,0.5,250.0
3168,3262,0.002,0.5,125.0
3262,3168,0.002,0.5,125.0
3168,3428,0.002,0.5,250.0
3428,3168,0.002,1.0,250.0
3169,3867,0.002,1.0,500.0
3867,3169,0.002,1.0,500.0
3417,3171,0.002,1.0,250.0
3171,3417,0.002,0.5,250.0
3546,3171,0.002,0.5,125.0
3171,3546,0.002,0.5,125.0
3171,3943,0.002,0.5,250.0
3943,3171,0.002,1.0,250.0
3355,3172,0.002,0.5,250.0
3172,3355,0.002,1.0,250.0
4005,3175,0.002,1.0,500.0
3175,4005,0.002,1.0,500.0
3177,3381,0.002,1.0,500.0
3381,3177,0.002,1.0,500.0
3177,4138,0.002,1.0,250.0
4138,3177,0.002,0.5,250.0
3281,3180,0.002,1.0,500.0
3180,3281,0.002,1.0,500.0
3181,3366,0.002,0.3333333333333333,166.66666666666666
3366,3181,0.002,1.0,166.66666666666666
3181,3383,0.002,0.3333333333333333,41.666666666666664
3383,3181,0.002,0.25,41.666666666666664
4136,3181,0.002,1.0,166.66666666666666
3181,4136,0.002,0.3333333333333333,166.66666666666666
3186,3348,0.002,0.5,250.0
3348,3186,0.002,1.0,250.0
3192,3362,0.002,1.0,250.0
3362,3192,0.002,0.5,250.0
3196,3333,0.002,0.5,83.33333333333333
3333,3196,0.002,0.3333333333333333,83.33333333333333
3196,3999,0.002,0.5,250.0
3999,3196,0.002,1.0,250.0
3397,3199,0.002,0.5,250.0
3199,3397,0.002,1.0,250.0
3199,4127,0.002,1.0,500.0
4127,3199,0.002,1.0,500.0
3200,3340,0.002,0.5,83.33333333333333
3340,3200,0.002,0.3333333333333333,83.33333333333333
3200,3781,0.002,0.5,250.0
3781,3200,0.002,1.0,250.0
3336,3201,0.002,0.5,250.0
3201,3336,0.002,1.0,250.0
3201,4023,0.002,1.0,500.0
4023,3201,0.002,1.0,500.0
3307,3203,0.002,0.3333333333333333,166.66666666666666
3203,3307,0.002,1.0,166.66666666666666
3219,3205,0.002,0.5,125.0
3205,3219,0.002,0.5,125.0
3362,3205,0.002,0.5,125.0
3205,3362,0.002,0.5,125.0
3690,3205,0.002,0.5,125.0
3205,3690,0.002,0.5,125.0
3905,3205,0.002,1.0,250.0
3205,3905,0.002,0.5,250.0
3852,3206,0.002,0.25,62.5
3206,3852,0.002,0.5,62.5
4115,3206,0.002,0.3333333333333333,83.33333333333333
3206,4115,0.002,0.5,83.33333333333333
4044,3207,0.002,1.0,500.0
3207,4044,0.002,1.0,500.0
3209,3773,0.002,1.0,500.0
3773,3209,0.002,1.0,500.0
3209,4013,0.002,1.0,500.0
4013,3209,0.002,1.0,500.0
3210,3350,0.002,0.5,250.0
3350,3210,0.002,1.0,250.0
3210,4114,0.002,0.5,125.0
4114,3210,0.002,0.5,125.0
3617,3214,0.002,0.25,62.5
3214,3617,0.002,0.5,62.5
3764,3214,0.002,0.5,125.0
3214,3764,0.002,0.5,125.0
4068,3214,0.002,0.5,125.0
3214,4068,0.002,0.5,125.0
3338,3215,0.002,0.5,250.0
3215,3338,0.002,1.0,250.0
4014,3215,0.002,1.0,500.0
3215,4014,0.002,1.0,500.0
3217,4141,0.002,1.0,500.0
4141,3217,0.002,1.0,500.0
3520,3218,0.002,0.5,125.0
3218,3520,0.002,0.5,125.0
3528,3218,0.002,1.0,250.0
3218,3528,0.002,0.5,250.0
3219,3469,0.002,0.5,250.0
3469,3219,0.002,1.0,250.0
3690,3219,0.002,0.5,125.0
3219,3690,0.002,0.5,125.0
3219,4003,0.002,0.5,125.0
4003,3219,0.002,0.5,125.0
3597,3221,0.002,1.0,500.0
3221,3597,0.002,1.0,500.0
3870,3223,0.002,0.5,250.0
3223,3870,0.002,1.0,250.0
3232,3226,0.002,0.3333333333333333,166.66666666666666
3226,3232,0.002,1.0,166.66666666666666
3226,3319,0.002,1.0,250.0
3319,3226,0.002,0.5,250.0
3228,3479,0.002,0.3333333333333333,166.66666666666666
3479,3228,0.002,1.0,166.66666666666666
3228,3519,0.002,0.3333333333333333,83.33333333333333
3519,3228,0.002,0.5,83.33333333333333
3228,3655,0.002,0.3333333333333333,55.55555555555555
3655,3228,0.002,0.3333333333333333,55.55555555555555
3865,3228,0.002,0.5,83.33333333333333
3228,3865,0.002,0.3333333333333333,83.33333333333333
3317,3229,0.002,1.0,250.0
3229,3317,0.002,0.5,250.0
3883,3229,0.002,0.5,125.0
3229,3883,0.002,0.5,125.0
3971,3229,0.002,0.25,62.5
3229,3971,0.002,0.5,62.5
3259,3230,0.002,1.0,250.0
3230,3259,0.002,0.5,250.0
3484,3230,0.002,0.5,125.0
3230,3484,0.002,0.5,125.0
3977,3230,0.002,1.0,250.0
3230,3977,0.002,0.5,250.0
3232,3308,0.002,0.3333333333333333,166.66666666666666
3308,3232,0.002,1.0,166.66666666666666
3232,3319,0.002,0.3333333333333333,83.33333333333333
3319,3232,0.002,0.5,83.33333333333333
3232,4036,0.002,0.3333333333333333,83.33333333333333
4036,3232,0.002,0.5,83.33333333333333
3232,4038,0.002,0.3333333333333333,166.66666666666666
4038,3232,0.002,1.0,166.66666666666666
3234,4118,0.002,1.0,500.0
4118,3234,0.002,1.0,500.0
3363,3235,0.002,0.5,250.0
3235,3363,0.002,1.0,250.0
3545,3235,0.002,1.0,500.0
3235,3545,0.002,1.0,500.0
3570,3236,0.002,0.25,62.5
3236,3570,0.002,0.5,62.5
3962,3236,0.002,1.0,250.0
3236,3962,0.002,0.5,250.0
3237,3390,0.002,1.0,500.0
3390,3237,0.002,1.0,500.0
3506,3237,0.002,0.5,250.0
3237,3506,0.002,1.0,250.0
3444,3238,0.002,0.3333333333333333,55.55555555555555
3238,3444,0.002,0.3333333333333333,55.55555555555555
3517,3238,0.002,1.0,166.66666666666666
3238,3517,0.002,0.3333333333333333,166.66666666666666
3700,3238,0.002,0.5,83.33333333333333
3238,3700,0.002,0.3333333333333333,83.33333333333333
3240,3307,0.002,1.0,166.66666666666666
3307,3240,0.002,0.3333333333333333,166.66666666666666
3840,3240,0.002,1.0,500.0
3240,3840,0.002,1.0,500.0
3241,3334,0.002,0.3333333333333333,166.66666666666666
3334,3241,0.002,1.0,166.66666666666666
3241,3486,0.002,0.3333333333333333,166.66666666666666
3486,3241,0.002,1.0,166.66666666666666
3241,3721,0.002,0.3333333333333333,166.66666666666666
3721,3241,0.002,1.0,166.66666666666666
3241,3895,0.002,0.3333333333333333,166.66666666666666
3895,3241,0.002,1.0,166.66666666666666
3859,3245,0.002,0.25,125.0
3245,3859,0.002,1.0,125.0
3245,3926,0.002,1.0,500.0
3926,3245,0.002,1.0,500.0
3746,3247,0.002,0.3333333333333333,166.66666666666666
3247,3746,0.002,1.0,166.66666666666666
3953,3247,0.002,1.0,500.0
3247,3953,0.002,1.0,500.0
4058,3253,0.002,1.0,500.0
3253,4058,0.002,1.0,500.0
3365,3255,0.002,0.5,125.0
3255,3365,0.002,0.5,125.0
3971,3255,0.002,0.25,62.5
3255,3971,0.002,0.5,62.5
3256,4148,0.002,1.0,250.0
4148,3256,0.002,0.5,250.0
3513,3258,0.002,1.0,250.0
3258,3513,0.002,0.5,250.0
3258,3685,0.002,0.5,250.0
3685,3258,0.002,1.0,250.0
3258,3863,0.002,0.5,125.0
3863,3258,0.002,0.5,125.0
3977,3259,0.002,1.0,500.0
3259,3977,0.002,1.0,500.0
3376,3261,0.002,0.3333333333333333,166.66666666666666
3261,3376,0.002,1.0,166.66666666666666
3401,3262,0.002,0.3333333333333333,83.33333333333333
3262,3401,0.002,0.5,83.33333333333333
3524,3263,0.002,0.5,83.33333333333333
3263,3524,0.002,0.3333333333333333,83.33333333333333
3796,3263,0.002,0.5,83.33333333333333
3263,3796,0.002,0.3333333333333333,83.33333333333333
4113,3263,0.002,0.5,83.33333333333333
3263,4113,0.002,0.3333333333333333,83.33333333333333
3267,3821,0.002,1.0,500.0
3821,3267,0.002,1.0,500.0
3612,3269,0.002,1.0,500.0
3269,3612,0.002,1.0,500.0
3269,3789,0.002,1.0,250.0
3789,3269,0.002,0.5,250.0
4145,3271,0.002,0.25,125.0
3271,4145,0.002,1.0,125.0
3272,3723,0.002,1.0,500.0
3723,3272,0.002,1.0,500.0
3273,3909,0.002,1.0,250.0
3909,3273,0.002,0.5,250.0
4147,3284,0.002,1.0,500.0
3284,4147,0.002,1.0,500.0
3284,4150,0.002,1.0,500.0
4150,3284,0.002,1.0,500.0
3797,3285,0.002,0.3333333333333333,166.66666666666666
3285,3797,0.002,1.0,166.66666666666666
3544,3288,0.002,0.5,125.0
3288,3544,0.002,0.5,125.0
3291,3531,0.002,1.0,250.0
3531,3291,0.002,0.5,250.0
3291,4079,0.002,1.0,500.0
4079,3291,0.002,1.0,500.0
3292,3444,0.002,1.0,166.66666666666666
3444,3292,0.002,0.3333333333333333,166.66666666666666
3296,3693,0.002,0.3333333333333333,166.66666666666666
3693,3296,0.002,1.0,166.66666666666666
3296,4043,0.002,0.3333333333333333,166.66666666666666
4043,3296,0.002,1.0,166.66666666666666
3337,3299,0.002,1.0,500.0
3299,3337,0.002,1.0,500.0
3355,3299,0.002,0.5,250.0
3299,3355,0.002,1.0,250.0
3302,3431,0.002,0.5,250.0
3431,3302,0.002,1.0,250.0
3302,3534,0.002,0.5,250.0
3534,3302,0.002,1.0,250.0
4101,3302,0.002,1.0,250.0
3302,4101,0.002,0.5,250.0
3660,3303,0.002,1.0,500.0
3303,3660,0.002,1.0,500.0
3304,3607,0.002,1.0,250.0
3607,3304,0.002,0.5,250.0
3304,4022,0.002,1.0,125.0
4022,3304,0.002,0.25,125.0
3307,3590,0.002,0.3333333333333333,166.66666666666666
3590,3307,0.002,1.0,166.66666666666666
3840,3307,0.002,1.0,166.66666666666666
3307,3840,0.002,0.3333333333333333,166.66666666666666
4036,3308,0.002,0.5,250.0
3308,4036,0.002,1.0,250.0
4130,3309,0.002,0.3333333333333333,166.66666666666666
3309,4130,0.002,1.0,166.66666666666666
3310,4022,0.002,1.0,125.0
4022,3310,0.002,0.25,125.0
3928,3315,0.002,1.0,500.0
3315,3928,0.002,1.0,500.0
3883,3317,0.002,0.5,250.0
3317,3883,0.002,1.0,250.0
3921,3318,0.002,1.0,250.0
3318,3921,0.002,0.5,250.0
4144,3318,0.002,0.3333333333333333,83.33333333333333
3318,4144,0.002,0.5,83.33333333333333
3627,3319,0.002,1.0,250.0
3319,3627,0.002,0.5,250.0
3320,3463,0.002,0.5,250.0
3463,3320,0.002,1.0,250.0
3320,3864,0.002,0.5,125.0
3864,3320,0.002,0.5,125.0
3360,3324,0.002,0.5,125.0
3324,3360,0.002,0.5,125.0
3324,4054,0.002,0.5,250.0
4054,3324,0.002,1.0,250.0
3465,3326,0.002,0.5,62.5
3326,3465,0.002,0.25,62.5
3554,3326,0.002,0.5,62.5
3326,3554,0.002,0.25,62.5
3587,3326,0.002,0.5,62.5
3326,3587,0.002,0.25,62.5
3746,3326,0.002,0.3333333333333333,41.666666666666664
3326,3746,0.002,0.25,41.666666666666664
3328,3918,0.002,1.0,125.0
3918,3328,0.002,0.25,125.0
3330,3487,0.002,1.0,166.66666666666666
3487,3330,0.002,0.3333333333333333,166.66666666666666
3331,3974,0.002,1.0,500.0
3974,3331,0.002,1.0,500.0
3593,3333,0.002,1.0,166.66666666666666
3333,3593,0.002,0.3333333333333333,166.66666666666666
3938,3333,0.002,1.0,166.66666666666666
3333,3938,0.002,0.3333333333333333,166.66666666666666
3333,3999,0.002,0.3333333333333333,166.66666666666666
3999,3333,0.002,1.0,166.66666666666666
4049,3333,0.002,1.0,166.66666666666666
3333,4049,0.002,0.3333333333333333,166.66666666666666
3486,3334,0.002,1.0,500.0
3334,3486,0.002,1.0,500.0
3400,3335,0.002,0.3333333333333333,166.66666666666666
3335,3400,0.002,1.0,166.66666666666666
3336,3879,0.002,0.5,125.0
3879,3336,0.002,0.5,125.0
3336,4023,0.002,0.5,250.0
4023,3336,0.002,1.0,250.0
3337,3355,0.002,1.0,250.0
3355,3337,0.002,0.5,250.0
3338,4014,0.002,0.5,250.0
4014,3338,0.002,1.0,250.0
3578,3343,0.002,0.3333333333333333,166.66666666666666
3343,3578,0.002,1.0,166.66666666666666
4138,3343,0.002,0.5,250.0
3343,4138,0.002,1.0,250.0
3345,3925,0.002,1.0,166.66666666666666
3925,3345,0.002,0.3333333333333333,166.66666666666666
3347,3972,0.002,1.0,500.0
3972,3347,0.002,1.0,500.0
3349,3997,0.002,1.0,500.0
3997,3349,0.002,1.0,500.0
3494,3351,0.002,0.5,125.0
3351,3494,0.002,0.5,125.0
3866,3351,0.002,0.25,62.5
3351,3866,0.002,0.5,62.5
3353,3524,0.002,1.0,250.0
3524,3353,0.002,0.5,250.0
3353,3636,0.002,1.0,166.66666666666666
3636,3353,0.002,0.3333333333333333,166.66666666666666
3699,3356,0.002,0.3333333333333333,166.66666666666666
3356,3699,0.002,1.0,166.66666666666666
3912,3360,0.002,0.3333333333333333,83.33333333333333
3360,3912,0.002,0.5,83.33333333333333
3361,3606,0.002,1.0,166.66666666666666
3606,3361,0.002,0.3333333333333333,166.66666666666666
3905,3362,0.002,1.0,250.0
3362,3905,0.002,0.5,250.0
3545,3363,0.002,1.0,250.0
3363,3545,0.002,0.5,250.0
3466,3364,0.002,1.0,500.0
3364,3466,0.002,1.0,500.0
3366,3383,0.002,1.0,125.0
3383,3366,0.002,0.25,125.0
3844,3367,0.002,0.5,250.0
3367,3844,0.002,1.0,250.0
4152,3367,0.002,0.2,100.0
3367,4152,0.002,1.0,100.0
3904,3368,0.002,0.5,250.0
3368,3904,0.002,1.0,250.0
3368,3969,0.002,1.0,500.0
3969,3368,0.002,1.0,500.0
3401,3373,0.002,0.3333333333333333,83.33333333333333
3373,3401,0.002,0.5,83.33333333333333
3373,3567,0.002,0.5,125.0
3567,3373,0.002,0.5,125.0
3595,3373,0.002,1.0,250.0
3373,3595,0.002,0.5,250.0
3376,3881,0.002,0.3333333333333333,166.66666666666666
3881,3376,0.002,1.0,166.66666666666666
3378,3508,0.002,0.5,250.0
3508,3378,0.002,1.0,250.0
4065,3378,0.002,0.3333333333333333,83.33333333333333
3378,4065,0.002,0.5,83.33333333333333
3380,3815,0.002,1.0,166.66666666666666
3815,3380,0.002,0.3333333333333333,166.66666666666666
4138,3381,0.002,0.5,250.0
3381,4138,0.002,1.0,250.0
3617,3383,0.002,0.25,31.25
3383,3617,0.002,0.25,31.25
3746,3383,0.002,0.3333333333333333,41.666666666666664
3383,3746,0.002,0.25,41.666666666666664
3872,3383,0.002,1.0,125.0
3383,3872,0.002,0.25,125.0
3978,3383,0.002,0.3333333333333333,41.666666666666664
3383,3978,0.002,0.25,41.666666666666664
3384,3932,0.002,0.5,250.0
3932,3384,0.002,1.0,250.0
3506,3390,0.002,0.5,250.0
3390,3506,0.002,1.0,250.0
3392,3718,0.002,1.0,500.0
3718,3392,0.002,1.0,500.0
3392,3914,0.002,1.0,250.0
3914,3392,0.002,0.5,250.0
3532,3397,0.002,0.5,125.0
3397,3532,0.002,0.5,125.0
3849,3397,0.002,1.0,250.0
3397,3849,0.002,0.5,250.0
3397,4127,0.002,0.5,250.0
4127,3397,0.002,1.0,250.0
3494,3399,0.002,0.5,250.0
3399,3494,0.002,1.0,250.0
3400,3578,0.002,0.3333333333333333,55.55555555555555
3578,3400,0.002,0.3333333333333333,55.55555555555555
3400,3647,0.002,0.3333333333333333,166.66666666666666
3647,3400,0.002,1.0,166.66666666666666
3401,3786,0.002,0.3333333333333333,166.66666666666666
3786,3401,0.002,1.0,166.66666666666666
3401,3907,0.002,0.3333333333333333,166.66666666666666
3907,3401,0.002,1.0,166.66666666666666
3707,3405,0.002,1.0,500.0
3405,3707,0.002,1.0,500.0
3482,3406,0.002,1.0,250.0
3406,3482,0.002,0.5,250.0
3636,3406,0.002,0.3333333333333333,83.33333333333333
3406,3636,0.002,0.5,83.33333333333333
4072,3406,0.002,1.0,250.0
3406,4072,0.002,0.5,250.0
3410,3655,0.002,0.5,83.33333333333333
3655,3410,0.002,0.3333333333333333,83.33333333333333
3452,3412,0.002,0.5,250.0
3412,3452,0.002,1.0,250.0
3417,3943,0.002,1.0,500.0
3943,3417,0.002,1.0,500.0
3425,4098,0.002,0.5,250.0
4098,3425,0.002,1.0,250.0
3433,3427,0.002,0.5,125.0
3427,3433,0.002,0.5,125.0
3427,3789,0.002,0.5,125.0
3789,3427,0.002,0.5,125.0
3427,4019,0.002,0.5,250.0
4019,3427,0.002,1.0,250.0
3433,3474,0.002,0.5,250.0
3474,3433,0.002,1.0,250.0
3433,3986,0.002,0.5,125.0
3986,3433,0.002,0.5,125.0
3869,3439,0.002,1.0,500.0
3439,3869,0.002,1.0,500.0
3981,3439,0.002,1.0,500.0
3439,3981,0.002,1.0,500.0
3440,3492,0.002,0.5,250.0
3492,3440,0.002,1.0,250.0
4040,3440,0.002,1.0,250.0
3440,4040,0.002,0.5,250.0
3465,3442,0.002,0.5,62.5
3442,3465,0.002,0.25,62.5
3442,3526,0.002,0.25,62.5
3526,3442,0.002,0.5,62.5
3442,3899,0.002,0.25,125.0
3899,3442,0.002,1.0,125.0
3442,4093,0.002,0.25,125.0
4093,3442,0.002,1.0,125.0
3753,3443,0.002,1.0,250.0
3443,3753,0.002,0.5,250.0
3856,3443,0.002,0.3333333333333333,83.33333333333333
3443,3856,0.002,0.5,83.33333333333333
3530,3444,0.002,1.0,166.66666666666666
3444,3530,0.002,0.3333333333333333,166.66666666666666
3444,4070,0.002,0.3333333333333333,166.66666666666666
4070,3444,0.002,1.0,166.66666666666666
3650,3446,0.002,0.5,250.0
3446,3650,0.002,1.0,250.0
4045,3446,0.002,0.5,250.0
3446,4045,0.002,1.0,250.0
3448,3777,0.002,1.0,500.0
3777,3448,0.002,1.0,500.0
3449,3535,0.002,0.5,125.0
3535,3449,0.002,0.5,125.0
3449,3878,0.002,0.5,125.0
3878,3449,0.002,0.5,125.0
3450,3955,0.002,1.0,500.0
3955,3450,0.002,1.0,500.0
3453,3485,0.002,1.0,500.0
3485,3453,0.002,1.0,500.0
4152,3453,0.002,0.2,100.0
3453,4152,0.002,1.0,100.0
3898,3455,0.002,1.0,250.0
3455,3898,0.002,0.5,250.0
3918,3455,0.002,0.25,62.5
3455,3918,0.002,0.5,62.5
4016,3455,0.002,1.0,250.0
3455,4016,0.002,0.5,250.0
3456,4069,0.002,1.0,500.0
4069,3456,0.002,1.0,500.0
3457,4116,0.002,1.0,250.0
4116,3457,0.002,0.5,250.0
3549,3461,0.002,1.0,500.0
3461,3549,0.002,1.0,500.0
4003,3469,0.002,0.5,250.0
3469,4003,0.002,1.0,250.0
3473,4041,0.002,1.0,250.0
4041,3473,0.002,0.5,250.0
3474,3986,0.002,1.0,250.0
3986,3474,0.002,0.5,250.0
3794,3475,0.002,0.5,250.0
3475,3794,0.002,1.0,250.0
3477,3495,0.002,1.0,500.0
3495,3477,0.002,1.0,500.0
3569,3477,0.002,1.0,500.0
3477,3569,0.002,1.0,500.0
3480,3613,0.002,0.5,125.0
3613,3480,0.002,0.5,125.0
3480,3669,0.002,0.5,125.0
3669,3480,0.002,0.5,125.0
4072,3482,0.002,1.0,500.0
3482,4072,0.002,1.0,500.0
3643,3483,0.002,0.5,250.0
3483,3643,0.002,1.0,250.0
4081,3483,0.002,1.0,500.0
3483,4081,0.002,1.0,500.0
3700,3484,0.002,0.5,125.0
3484,3700,0.002,0.5,125.0
4152,3485,0.002,0.2,100.0
3485,4152,0.002,1.0,100.0
3883,3487,0.002,0.5,83.33333333333333
3487,3883,0.002,0.3333333333333333,83.33333333333333
3950,3487,0.002,0.5,83.33333333333333
3487,3950,0.002,0.3333333333333333,83.33333333333333
4121,3487,0.002,0.5,83.33333333333333
3487,4121,0.002,0.3333333333333333,83.33333333333333
4040,3492,0.002,1.0,500.0
3492,4040,0.002,1.0,500.0
3577,3493,0.002,1.0,500.0
3493,3577,0.002,1.0,500.0
3866,3494,0.002,0.25,62.5
3494,3866,0.002,0.5,62.5
3569,3495,0.002,1.0,500.0
3495,3569,0.002,1.0,500.0
3498,3919,0.002,0.5,83.33333333333333
3919,3498,0.002,0.3333333333333333,83.33333333333333
4145,3498,0.002,0.25,62.5
3498,4145,0.002,0.5,62.5
3931,3499,0.002,0.5,125.0
3499,3931,0.002,0.5,125.0
3500,3788,0.002,1.0,500.0
3788,3500,0.002,1.0,500.0
3772,3503,0.002,1.0,500.0
3503,3772,0.002,1.0,500.0
3504,3845,0.002,1.0,250.0
3845,3504,0.002,0.5,250.0
3504,4073,0.002,1.0,500.0
4073,3504,0.002,1.0,500.0
3539,3509,0.002,1.0,500.0
3509,3539,0.002,1.0,500.0
3699,3509,0.002,0.3333333333333333,166.66666666666666
3509,3699,0.002,1.0,166.66666666666666
3706,3510,0.002,0.5,250.0
3510,3706,0.002,1.0,250.0
3512,4015,0.002,1.0,500.0
4015,3512,0.002,1.0,500.0
3514,3844,0.002,1.0,250.0
3844,3514,0.002,0.5,250.0
3649,3515,0.002,1.0,500.0
3515,3649,0.002,1.0,500.0
3690,3519,0.002,0.5,125.0
3519,3690,0.002,0.5,125.0
3520,3694,0.002,0.5,125.0
3694,3520,0.002,0.5,125.0
3522,4055,0.002,0.5,125.0
4055,3522,0.002,0.5,125.0
3523,3574,0.002,0.3333333333333333,166.66666666666666
3574,3523,0.002,1.0,166.66666666666666
3523,3661,0.002,0.3333333333333333,166.66666666666666
3661,3523,0.002,1.0,166.66666666666666
3523,4116,0.002,0.3333333333333333,83.33333333333333
4116,3523,0.002,0.5,83.33333333333333
3524,3636,0.002,0.5,83.33333333333333
3636,3524,0.002,0.3333333333333333,83.33333333333333
3706,3525,0.002,0.5,250.0
3525,3706,0.002,1.0,250.0
3530,4070,0.002,1.0,500.0
4070,3530,0.002,1.0,500.0
3611,3531,0.002,1.0,250.0
3531,3611,0.002,0.5,250.0
3531,4079,0.002,0.5,250.0
4079,3531,0.002,1.0,250.0
3570,3532,0.002,0.25,62.5
3532,3570,0.002,0.5,62.5
3739,3532,0.002,0.5,125.0
3532,3739,0.002,0.5,125.0
3849,3532,0.002,1.0,250.0
3532,3849,0.002,0.5,250.0
4032,3533,0.002,0.3333333333333333,166.66666666666666
3533,4032,0.002,1.0,166.66666666666666
4101,3534,0.002,1.0,500.0
3534,4101,0.002,1.0,500.0
3832,3535,0.002,1.0,250.0
3535,3832,0.002,0.5,250.0
3537,3742,0.002,1.0,250.0
3742,3537,0.002,0.5,250.0
3699,3539,0.002,0.3333333333333333,166.66666666666666
3539,3699,0.002,1.0,166.66666666666666
3553,3541,0.002,1.0,166.66666666666666
3541,3553,0.002,0.3333333333333333,166.66666666666666
4123,3541,0.002,1.0,166.66666666666666
3541,4123,0.002,0.3333333333333333,166.66666666666666
3554,3542,0.002,0.5,250.0
3542,3554,0.002,1.0,250.0
3904,3543,0.002,0.5,250.0
3543,3904,0.002,1.0,250.0
4008,3543,0.002,0.3333333333333333,166.66666666666666
3543,4008,0.002,1.0,166.66666666666666
3544,3866,0.002,0.5,62.5
3866,3544,0.002,0.25,62.5
4064,3546,0.002,0.5,125.0
3546,4064,0.002,0.5,125.0
3547,3653,0.002,1.0,166.66666666666666
3653,3547,0.002,0.3333333333333333,166.66666666666666
3768,3548,0.002,1.0,500.0
3548,3768,0.002,1.0,500.0
3552,3856,0.002,0.5,83.33333333333333
3856,3552,0.002,0.3333333333333333,83.33333333333333
3554,3587,0.002,0.5,125.0
3587,3554,0.002,0.5,125.0
3555,3565,0.002,1.0,250.0
3565,3555,0.002,0.5,250.0
3555,3861,0.002,1.0,500.0
3861,3555,0.002,1.0,500.0
4083,3557,0.002,1.0,250.0
3557,4083,0.002,0.5,250.0
3563,4022,0.002,0.5,62.5
4022,3563,0.002,0.25,62.5
3565,3861,0.002,0.5,250.0
3861,3565,0.002,1.0,250.0
4024,3565,0.002,0.5,125.0
3565,4024,0.002,0.5,125.0
3845,3566,0.002,0.5,250.0
3566,3845,0.002,1.0,250.0
3595,3567,0.002,1.0,250.0
3567,3595,0.002,0.5,250.0
3885,3567,0.002,1.0,250.0
3567,3885,0.002,0.5,250.0
3641,3570,0.002,1.0,125.0
3570,3641,0.002,0.25,125.0
3570,3739,0.002,0.25,62.5
3739,3570,0.002,0.5,62.5
3570,3859,0.002,0.25,31.25
3859,3570,0.002,0.25,31.25
3962,3570,0.002,1.0,125.0
3570,3962,0.002,0.25,125.0
3570,4061,0.002,0.25,62.5
4061,3570,0.002,0.5,62.5
3661,3574,0.002,1.0,500.0
3574,3661,0.002,1.0,500.0
3578,3692,0.002,0.3333333333333333,166.66666666666666
3692,3578,0.002,1.0,166.66666666666666
3578,4138,0.002,0.3333333333333333,83.33333333333333
4138,3578,0.002,0.5,83.33333333333333
4068,3581,0.002,0.5,83.33333333333333
3581,4068,0.002,0.3333333333333333,83.33333333333333
4108,3589,0.002,0.5,250.0
3589,4108,0.002,1.0,250.0
3826,3591,0.002,1.0,500.0
3591,3826,0.002,1.0,500.0
3857,3599,0.002,0.5,250.0
3599,3857,0.002,1.0,250.0
4149,3599,0.002,1.0,500.0
3599,4149,0.002,1.0,500.0
3602,3917,0.002,1.0,250.0
3917,3602,0.002,0.5,250.0
3602,4119,0.002,1.0,500.0
4119,3602,0.002,1.0,500.0
3606,3815,0.002,0.3333333333333333,55.55555555555555
3815,3606,0.002,0.3333333333333333,55.55555555555555
3841,3606,0.002,0.3333333333333333,55.55555555555555
3606,3841,0.002,0.3333333333333333,55.55555555555555
4022,3607,0.002,0.25,62.5
3607,4022,0.002,0.5,62.5
4113,3607,0.002,0.5,125.0
3607,4113,0.002,0.5,125.0
3612,3789,0.002,1.0,250.0
3789,3612,0.002,0.5,250.0
3617,3682,0.002,0.25,62.5
3682,3617,0.002,0.5,62.5
3617,3764,0.002,0.25,62.5
3764,3617,0.002,0.5,62.5
3617,3853,0.002,0.25,62.5
3853,3617,0.002,0.5,62.5
3617,3866,0.002,0.25,31.25
3866,3617,0.002,0.25,31.25
3617,3978,0.002,0.25,41.666666666666664
3978,3617,0.002,0.3333333333333333,41.666666666666664
3617,4052,0.002,0.25,62.5
4052,3617,0.002,0.5,62.5
3836,3622,0.002,0.5,250.0
3622,3836,0.002,1.0,250.0
3626,3726,0.002,1.0,500.0
3726,3626,0.002,1.0,500.0
4048,3628,0.002,1.0,500.0
3628,4048,0.002,1.0,500.0
3852,3630,0.002,0.25,125.0
3630,3852,0.002,1.0,125.0
3632,3925,0.002,1.0,166.66666666666666
3925,3632,0.002,0.3333333333333333,166.66666666666666
4064,3635,0.002,0.5,250.0
3635,4064,0.002,1.0,250.0
3636,4045,0.002,0.3333333333333333,83.33333333333333
4045,3636,0.002,0.5,83.33333333333333
3857,3638,0.002,0.5,250.0
3638,3857,0.002,1.0,250.0
3641,3859,0.002,1.0,125.0
3859,3641,0.002,0.25,125.0
3643,3759,0.002,0.5,250.0
3759,3643,0.002,1.0,250.0
3841,3643,0.002,0.3333333333333333,83.33333333333333
3643,3841,0.002,0.5,83.33333333333333
4081,3643,0.002,1.0,250.0
3643,4081,0.002,0.5,250.0
3648,3909,0.002,0.5,125.0
3909,3648,0.002,0.5,125.0
4152,3648,0.002,0.2,50.0
3648,4152,0.002,0.5,50.0
3650,4045,0.002,0.5,125.0
4045,3650,0.002,0.5,125.0
3651,3971,0.002,1.0,125.0
3971,3651,0.002,0.25,125.0
3936,3653,0.002,1.0,166.66666666666666
3653,3936,0.002,0.3333333333333333,166.66666666666666
3654,3935,0.002,1.0,250.0
3935,3654,0.002,0.5,250.0
3865,3655,0.002,0.5,83.33333333333333
3655,3865,0.002,0.3333333333333333,83.33333333333333
3900,3655,0.002,0.3333333333333333,55.55555555555555
3655,3900,0.002,0.3333333333333333,55.55555555555555
4041,3655,0.002,0.5,83.33333333333333
3655,4041,0.002,0.3333333333333333,83.33333333333333
3662,3695,0.002,1.0,500.0
3695,3662,0.002,1.0,500.0
3664,3774,0.002,0.5,125.0
3774,3664,0.002,0.5,125.0
3664,3836,0.002,0.5,125.0
3836,3664,0.002,0.5,125.0
3664,3948,0.002,0.5,250.0
3948,3664,0.002,1.0,250.0
3667,3734,0.002,0.3333333333333333,166.66666666666666
3734,3667,0.002,1.0,166.66666666666666
3667,3771,0.002,0.3333333333333333,83.33333333333333
3771,3667,0.002,0.5,83.33333333333333
3667,4071,0.002,0.3333333333333333,166.66666666666666
4071,3667,0.002,1.0,166.66666666666666
3834,3676,0.002,1.0,500.0
3676,3834,0.002,1.0,500.0
3676,3839,0.002,1.0,500.0
3839,3676,0.002,1.0,500.0
3678,3694,0.002,0.5,125.0
3694,3678,0.002,0.5,125.0
3797,3678,0.002,0.3333333333333333,83.33333333333333
3678,3797,0.002,0.5,83.33333333333333
3678,3815,0.002,0.5,83.33333333333333
3815,3678,0.002,0.3333333333333333,83.33333333333333
4036,3678,0.002,0.5,125.0
3678,4036,0.002,0.5,125.0
3682,3914,0.002,0.5,125.0
3914,3682,0.002,0.5,125.0
3682,4052,0.002,0.5,125.0
4052,3682,0.002,0.5,125.0
3684,3727,0.002,1.0,500.0
3727,3684,0.002,1.0,500.0
3685,3863,0.002,1.0,250.0
3863,3685,0.002,0.5,250.0
4060,3687,0.002,1.0,500.0
3687,4060,0.002,1.0,500.0
3705,3691,0.002,1.0,500.0
3691,3705,0.002,1.0,500.0
3691,3823,0.002,1.0,500.0
3823,3691,0.002,1.0,500.0
4043,3693,0.002,1.0,500.0
3693,4043,0.002,1.0,500.0
3797,3694,0.002,0.3333333333333333,83.33333333333333
3694,3797,0.002,0.5,83.33333333333333
3697,3771,0.002,1.0,250.0
3771,3697,0.002,0.5,250.0
3952,3703,0.002,1.0,500.0
3703,3952,0.002,1.0,500.0
3705,3823,0.002,1.0,500.0
3823,3705,0.002,1.0,500.0
3714,3931,0.002,1.0,250.0
3931,3714,0.002,0.5,250.0
3730,3716,0.002,0.5,250.0
3716,3730,0.002,1.0,250.0
4024,3716,0.002,0.5,250.0
3716,4024,0.002,1.0,250.0
3914,3718,0.002,0.5,250.0
3718,3914,0.002,1.0,250.0
3728,3730,0.002,0.5,125.0
3730,3728,0.002,0.5,125.0
3728,3983,0.002,0.5,250.0
3983,3728,0.002,1.0,250.0
3728,4114,0.002,0.5,125.0
4114,3728,0.002,0.5,125.0
3730,3983,0.002,0.5,250.0
3983,3730,0.002,1.0,250.0
4024,3730,0.002,0.5,125.0
3730,4024,0.002,0.5,125.0
3734,4071,0.002,1.0,500.0
4071,3734,0.002,1.0,500.0
3737,4082,0.002,1.0,250.0
4082,3737,0.002,0.5,250.0
3917,3742,0.002,0.5,125.0
3742,3917,0.002,0.5,125.0
3745,4010,0.002,1.0,500.0
4010,3745,0.002,1.0,500.0
3872,3746,0.002,1.0,166.66666666666666
3746,3872,0.002,0.3333333333333333,166.66666666666666
3953,3746,0.002,1.0,166.66666666666666
3746,3953,0.002,0.3333333333333333,166.66666666666666
3750,4062,0.002,1.0,500.0
4062,3750,0.002,1.0,500.0
4121,3757,0.002,0.5,250.0
3757,4121,0.002,1.0,250.0
3841,3759,0.002,0.3333333333333333,166.66666666666666
3759,3841,0.002,1.0,166.66666666666666
3763,4006,0.002,0.5,250.0
4006,3763,0.002,1.0,250.0
3961,3764,0.002,1.0,250.0
3764,3961,0.002,0.5,250.0
3802,3765,0.002,1.0,250.0
3765,3802,0.002,0.5,250.0
3805,3765,0.002,1.0,250.0
3765,3805,0.002,0.5,250.0
4132,3766,0.002,1.0,250.0
3766,4132,0.002,0.5,250.0
3770,4011,0.002,0.5,250.0
4011,3770,0.002,1.0,250.0
3773,4013,0.002,1.0,500.0
4013,3773,0.002,1.0,500.0
3948,3774,0.002,1.0,250.0
3774,3948,0.002,0.5,250.0
3786,3907,0.002,1.0,500.0
3907,3786,0.002,1.0,500.0
3787,3900,0.002,1.0,166.66666666666666
3900,3787,0.002,0.3333333333333333,166.66666666666666
4019,3789,0.002,1.0,250.0
3789,4019,0.002,0.5,250.0
4082,3790,0.002,0.5,250.0
3790,4082,0.002,1.0,250.0
3792,4066,0.002,1.0,500.0
4066,3792,0.002,1.0,500.0
3793,4077,0.002,1.0,125.0
4077,3793,0.002,0.25,125.0
3794,3988,0.002,0.5,250.0
3988,3794,0.002,1.0,250.0
3794,4077,0.002,0.5,62.5
4077,3794,0.002,0.25,62.5
4035,3796,0.002,0.5,125.0
3796,4035,0.002,0.5,125.0
4139,3796,0.002,1.0,250.0
3796,4139,0.002,0.5,250.0
3800,4065,0.002,1.0,166.66666666666666
4065,3800,0.002,0.3333333333333333,166.66666666666666
3802,3805,0.002,1.0,500.0
3805,3802,0.002,1.0,500.0
3945,3804,0.002,1.0,500.0
3804,3945,0.002,1.0,500.0
3806,3870,0.002,0.5,125.0
3870,3806,0.002,0.5,125.0
3808,4077,0.002,1.0,125.0
4077,3808,0.002,0.25,125.0
3976,3812,0.002,0.5,125.0
3812,3976,0.002,0.5,125.0
3812,4077,0.002,0.5,62.5
4077,3812,0.002,0.25,62.5
4145,3812,0.002,0.25,62.5
3812,4145,0.002,0.5,62.5
4036,3815,0.002,0.5,83.33333333333333
3815,4036,0.002,0.3333333333333333,83.33333333333333
3816,3998,0.002,1.0,166.66666666666666
3998,3816,0.002,0.3333333333333333,166.66666666666666
4008,3816,0.002,0.3333333333333333,166.66666666666666
3816,4008,0.002,1.0,166.66666666666666
3978,3819,0.002,0.3333333333333333,166.66666666666666
3819,3978,0.002,1.0,166.66666666666666
3822,3919,0.002,1.0,166.66666666666666
3919,3822,0.002,0.3333333333333333,166.66666666666666
4035,3830,0.002,0.5,250.0
3830,4035,0.002,1.0,250.0
4106,3830,0.002,1.0,500.0
3830,4106,0.002,1.0,500.0
3834,3839,0.002,1.0,500.0
3839,3834,0.002,1.0,500.0
3856,3841,0.002,0.3333333333333333,55.55555555555555
3841,3856,0.002,0.3333333333333333,55.55555555555555
4152,3844,0.002,0.2,50.0
3844,4152,0.002,0.5,50.0
4073,3845,0.002,1.0,250.0
3845,4073,0.002,0.5,250.0
3852,3951,0.002,0.25,125.0
3951,3852,0.002,1.0,125.0
3866,3853,0.002,0.25,62.5
3853,3866,0.002,0.5,62.5
3855,3911,0.002,1.0,500.0
3911,3855,0.002,1.0,500.0
3857,4149,0.002,0.5,250.0
4149,3857,0.002,1.0,250.0
3859,3926,0.002,0.25,125.0
3926,3859,0.002,1.0,125.0
4144,3859,0.002,0.3333333333333333,41.666666666666664
3859,4144,0.002,0.25,41.666666666666664
3946,3863,0.002,0.25,62.5
3863,3946,0.002,0.5,62.5
3864,4126,0.002,0.5,125.0
4126,3864,0.002,0.5,125.0
3888,3865,0.002,1.0,250.0
3865,3888,0.002,0.5,250.0
3865,4109,0.002,0.5,250.0
4109,3865,0.002,1.0,250.0
3869,3981,0.002,1.0,500.0
3981,3869,0.002,1.0,500.0
4089,3877,0.002,1.0,500.0
3877,4089,0.002,1.0,500.0
3878,4022,0.002,0.5,62.5
4022,3878,0.002,0.25,62.5
3882,4140,0.002,1.0,250.0
4140,3882,0.002,0.5,250.0
3884,3892,0.002,1.0,500.0
3892,3884,0.002,1.0,500.0
3888,4109,0.002,1.0,500.0
4109,3888,0.002,1.0,500.0
3898,3918,0.002,1.0,125.0
3918,3898,0.002,0.25,125.0
3899,4093,0.002,1.0,500.0
4093,3899,0.002,1.0,500.0
3912,3900,0.002,0.3333333333333333,55.55555555555555
3900,3912,0.002,0.3333333333333333,55.55555555555555
4041,3900,0.002,0.5,83.33333333333333
3900,4041,0.002,0.3333333333333333,83.33333333333333
3904,3969,0.002,0.5,250.0
3969,3904,0.002,1.0,250.0
4008,3904,0.002,0.3333333333333333,83.33333333333333
3904,4008,0.002,0.5,83.33333333333333
3917,4119,0.002,0.5,250.0
4119,3917,0.002,1.0,250.0
4145,3919,0.002,0.25,41.666666666666664
3919,4145,0.002,0.3333333333333333,41.666666666666664
4144,3921,0.002,0.3333333333333333,166.66666666666666
3921,4144,0.002,1.0,166.66666666666666
3922,4135,0.002,1.0,250.0
4135,3922,0.002,0.5,250.0
4008,3927,0.002,0.3333333333333333,83.33333333333333
3927,4008,0.002,0.5,83.33333333333333
4085,3927,0.002,1.0,250.0
3927,4085,0.002,0.5,250.0
4049,3938,0.002,1.0,500.0
3938,4049,0.002,1.0,500.0
4121,3950,0.002,0.5,125.0
3950,4121,0.002,0.5,125.0
4001,3978,0.002,1.0,166.66666666666666
3978,4001,0.002,0.3333333333333333,166.66666666666666
4152,3979,0.002,0.2,100.0
3979,4152,0.002,1.0,100.0
3986,4135,0.002,0.5,125.0
4135,3986,0.002,0.5,125.0
3988,4077,0.002,1.0,125.0
4077,3988,0.002,0.25,125.0
3993,3998,0.002,1.0,166.66666666666666
3998,3993,0.002,0.3333333333333333,166.66666666666666
4008,3998,0.002,0.3333333333333333,55.55555555555555
3998,4008,0.002,0.3333333333333333,55.55555555555555
4003,4076,0.002,0.5,250.0
4076,4003,0.002,1.0,250.0
4130,4004,0.002,0.3333333333333333,83.33333333333333
4004,4130,0.002,0.5,83.33333333333333
4106,4035,0.002,1.0,250.0
4035,4106,0.002,0.5,250.0
4139,4035,0.002,1.0,250.0
4035,4139,0.002,0.5,250.0
4115,4061,0.002,0.3333333333333333,83.33333333333333
4061,4115,0.002,0.5,83.33333333333333
4144,4061,0.002,0.3333333333333333,83.33333333333333
4061,4144,0.002,0.5,83.33333333333333
4145,4077,0.002,0.25,31.25
4077,4145,0.002,0.25,31.25
4144,4115,0.002,0.3333333333333333,55.55555555555555
4115,4144,0.002,0.3333333333333333,55.55555555555555
4147,4150,0.002,1.0,500.0
4150,4147,0.002,1.0,500.0
